employee_id,name,title,department
1,John Smith,Software Engineer,IT
2,Sarah Johnson,Software Engineer,IT
3,Michael Williams,Software Engineer,IT
4,Emily Davis,Software Engineer,IT
5,David Anderson,Software Engineer,IT
6,Jennifer Brown,Software Engineer,IT
7,Jessica Taylor,Software Engineer,IT
8,Robert Martin,Software Engineer,IT
9,Susan Harris,Software Engineer,IT
10,Christopher Lee,Software Engineer,IT
11,Mary White,Software Engineer,IT
12,Daniel Turner,Software Engineer,IT
13,Karen Martinez,Software Engineer,IT
14,William Clark,Software Engineer,IT
15,Lisa Young,Software Engineer,IT
16,Joseph Rodriguez,Software Engineer,IT
17,Patricia Hall,Software Engineer,IT
18,Richard Jackson,Software Engineer,IT
19,Linda Lewis,Software Engineer,IT
20,Thomas Moore,Software Engineer,IT
